Date,Gold Price(24 Karat),Gold Price(22 Karat),Gold Price(18 Karat),Gold Price(14 Karat),Gold Price(10 Karat)
2 Jan 2024,5513,5053,4135,3216,2297
4 Jan 2024,5468,5012,4101,3190,2278
8 Jan 2024,5418,4966,4063,3160,2257
10 Jan 2024,5406,4956,4055,3154,2253
12 Jan 2024,5460,5005,4095,3185,2275
16 Jan 2024,5414,4963,4060,3158,2256
18 Jan 2024,5407,4957,4055,3154,2253
22 Jan 2024,5401,4951,4051,3151,2250
24 Jan 2024,5388,4939,4041,3143,2245
26 Jan 2024,5394,4945,4046,3147,2248
30 Jan 2024,5441,4987,4081,3174,2267
2 Feb 2024,5442,4989,4082,3175,2268
6 Feb 2024,5436,4983,4077,3171,2265
8 Feb 2024,5427,4975,4070,3166,2261
12 Feb 2024,5388,4939,4041,3143,2245
14 Feb 2024,5321,4878,3991,3104,2217
16 Feb 2024,5373,4925,4029,3134,2239
20 Feb 2024,5394,4945,4046,3147,2248
22 Feb 2024,5397,4948,4048,3148,2249
26 Feb 2024,5412,4961,4059,3157,2255
28 Feb 2024,5425,4973,4069,3165,2260
4 Mar 2024,5637,5168,4228,3289,2349
6 Mar 2024,5723,5246,4292,3339,2385
8 Mar 2024,5798,5315,4348,3382,2416
12 Mar 2024,5750,5271,4313,3354,2396
14 Mar 2024,5767,5287,4325,3364,2403
18 Mar 2024,5764,5283,4323,3362,2402
20 Mar 2024,5901,5410,4426,3442,2459
3 Jan 2023,4897,4489,3673,2857,2040
5 Jan 2023,4872,4466,3654,2842,2030
9 Jan 2023,4945,4533,3709,2885,2060
11 Jan 2023,4925,4515,3694,2873,2052
13 Jan 2023,5019,4601,3765,2928,2091
17 Jan 2023,5003,4586,3752,2919,2085
19 Jan 2023,5007,4590,3756,2921,2086
23 Jan 2023,5063,4641,3797,2953,2109
25 Jan 2023,5098,4674,3824,2974,2124
27 Jan 2023,5051,4630,3789,2947,2105
31 Jan 2023,5068,4646,3801,2956,2112
2 Feb 2023,5047,4626,3785,2944,2103
6 Feb 2023,4969,4555,3727,2898,2070
8 Feb 2023,4985,4570,3739,2908,2077
10 Feb 2023,4948,4536,3711,2886,2062
14 Feb 2023,4941,4529,3706,2882,2059
16 Feb 2023,4879,4472,3659,2846,2033
20 Feb 2023,4900,4492,3675,2858,2042
22 Feb 2023,4864,4458,3648,2837,2027
24 Feb 2023,4829,4427,3622,2817,2012
28 Feb 2023,4853,4449,3640,2831,2022
2 Mar 2023,4865,4460,3649,2838,2027
6 Mar 2023,4859,4454,3644,2834,2025
8 Mar 2023,4782,4384,3587,2790,1993
10 Mar 2023,4924,4514,3693,2872,2052
14 Mar 2023,5040,4620,3780,2940,2100
16 Mar 2023,5101,4676,3826,2976,2126
20 Mar 2023,5253,4815,3939,3064,2189
22 Mar 2023,5216,4782,3912,3043,2173
24 Mar 2023,5239,4802,3929,3056,2183
28 Mar 2023,5215,4780,3911,3042,2173
30 Mar 2023,5227,4792,3920,3049,2178
4 Apr 2023,5336,4891,4002,3113,2223
6 Apr 2023,5282,4842,3962,3081,2201
10 Apr 2023,5248,4810,3936,3061,2187
12 Apr 2023,5308,4865,3981,3096,2212
14 Apr 2023,5274,4835,3956,3077,2198
18 Apr 2023,5293,4852,3969,3087,2205
20 Apr 2023,5291,4850,3968,3086,2204
24 Apr 2023,5242,4806,3932,3058,2184
26 Apr 2023,5232,4796,3924,3052,2180
28 Apr 2023,5229,4794,3922,3050,2179
2 May 2023,5301,4859,3975,3092,2209
4 May 2023,5382,4934,4037,3140,2243
8 May 2023,5315,4872,3986,3100,2214
10 May 2023,5350,4904,4013,3121,2229
12 May 2023,5318,4875,3989,3102,2216
16 May 2023,5264,4826,3948,3071,2193
18 May 2023,5208,4774,3906,3038,2170
22 May 2023,5253,4815,3940,3064,2189
24 May 2023,5207,4773,3905,3037,2170
26 May 2023,5167,4737,3876,3014,2153
30 May 2023,5207,4773,3906,3038,2170
2 Jun 2023,5161,4731,3871,3011,2150
6 Jun 2023,5211,4777,3909,3040,2171
8 Jun 2023,5215,4780,3911,3042,2173
12 Jun 2023,5182,4750,3887,3023,2159
14 Jun 2023,5130,4703,3848,2993,2138
16 Jun 2023,5156,4726,3867,3007,2148
20 Jun 2023,5109,4683,3832,2980,2129
22 Jun 2023,5041,4621,3781,2941,2100
26 Jun 2023,5072,4650,3804,2959,2113
28 Jun 2023,5036,4617,3777,2938,2098
30 Jun 2023,5067,4644,3800,2955,2111
4 Jul 2023,5080,4656,3810,2963,2117
6 Jul 2023,5083,4659,3812,2965,2118
10 Jul 2023,5107,4681,3830,2979,2128
12 Jul 2023,5161,4731,3871,3011,2150
14 Jul 2023,5164,4734,3873,3013,2152
18 Jul 2023,5222,4787,3917,3046,2176
20 Jul 2023,5200,4767,3900,3033,2167
24 Jul 2023,5143,4714,3857,3000,2143
26 Jul 2023,5199,4766,3899,3033,2166
28 Jul 2023,5182,4750,3887,3023,2159
2 Aug 2023,5146,4717,3859,3002,2144
4 Aug 2023,5164,4734,3873,3012,2152
8 Aug 2023,5128,4701,3846,2991,2137
10 Aug 2023,5099,4674,3824,2974,2125
14 Aug 2023,5112,4686,3834,2982,2130
16 Aug 2023,5070,4648,3803,2958,2113
18 Aug 2023,5052,4631,3789,2947,2105
22 Aug 2023,5071,4648,3803,2958,2113
24 Aug 2023,5094,4669,3820,2971,2122
28 Aug 2023,5105,4680,3829,2978,2127
30 Aug 2023,5177,4745,3882,3020,2157
4 Sep 2023,5159,4729,3869,3010,2150
6 Sep 2023,5135,4707,3851,2995,2140
8 Sep 2023,5124,4697,3843,2989,2135
12 Sep 2023,5060,4638,3795,2952,2108
14 Sep 2023,5106,4680,3829,2978,2127
18 Sep 2023,5183,4751,3887,3023,2160
20 Sep 2023,5158,4728,3869,3009,2149
22 Sep 2023,5145,4716,3859,3001,2144
26 Sep 2023,5091,4666,3818,2970,2121
28 Sep 2023,4987,4571,3740,2909,2078
3 Oct 2023,4880,4473,3660,2847,2033
5 Oct 2023,4875,4469,3656,2844,2031
9 Oct 2023,4982,4566,3736,2906,2076
11 Oct 2023,5015,4597,3762,2926,2090
13 Oct 2023,5169,4739,3877,3015,2154
17 Oct 2023,5153,4724,3865,3006,2147
19 Oct 2023,5277,4837,3958,3078,2199
23 Oct 2023,5259,4821,3944,3068,2191
25 Oct 2023,5303,4861,3977,3093,2209
27 Oct 2023,5382,4933,4036,3139,2242
31 Oct 2023,5314,4871,3985,3100,2214
2 Nov 2023,5319,4876,3989,3103,2216
6 Nov 2023,5292,4851,3969,3087,2205
8 Nov 2023,5220,4785,3915,3045,2175
10 Nov 2023,5190,4757,3892,3027,2162
14 Nov 2023,5240,4804,3930,3057,2183
16 Nov 2023,5298,4857,3974,3091,2208
20 Nov 2023,5305,4863,3979,3095,2211
22 Nov 2023,5335,4891,4001,3112,2223
24 Nov 2023,5364,4917,4023,3129,2235
28 Nov 2023,5475,5019,4106,3194,2281
30 Nov 2023,5465,5010,4099,3188,2277
4 Dec 2023,5447,4993,4085,3177,2269
6 Dec 2023,5430,4977,4072,3167,2262
8 Dec 2023,5377,4929,4033,3136,2240
12 Dec 2023,5312,4869,3984,3098,2213
14 Dec 2023,5457,5002,4093,3183,2274
18 Dec 2023,5416,4965,4062,3159,2257
20 Dec 2023,5440,4987,4080,3174,2267
22 Dec 2023,5501,5042,4125,3209,2292
26 Dec 2023,5526,5066,4145,3224,2303
28 Dec 2023,5508,5049,4131,3213,2295
4 Jan 2022,4347,3984,3260,2536,1811
6 Jan 2022,4286,3929,3215,2500,1786
10 Jan 2022,4289,3932,3217,2502,1787
12 Jan 2022,4331,3970,3248,2526,1805
14 Jan 2022,4333,3972,3250,2528,1805
18 Jan 2022,4353,3990,3265,2539,1814
20 Jan 2022,4401,4035,3301,2568,1834
24 Jan 2022,4424,4056,3318,2581,1843
26 Jan 2022,4395,4029,3296,2564,1831
28 Jan 2022,4321,3961,3241,2521,1801
2 Feb 2022,4348,3986,3261,2536,1812
4 Feb 2022,4339,3977,3254,2531,1808
8 Feb 2022,4385,4020,3289,2558,1827
10 Feb 2022,4437,4067,3328,2588,1849
14 Feb 2022,4553,4174,3415,2656,1897
16 Feb 2022,4506,4131,3380,2629,1878
18 Feb 2022,4556,4176,3417,2658,1898
22 Feb 2022,4554,4175,3416,2657,1898
24 Feb 2022,4622,4237,3467,2696,1926
28 Feb 2022,4614,4230,3461,2692,1923
2 Mar 2022,4688,4297,3516,2735,1953
4 Mar 2022,4841,4438,3631,2824,2017
8 Mar 2022,5055,4633,3791,2948,2106
10 Mar 2022,4896,4488,3672,2856,2040
14 Mar 2022,4801,4401,3601,2801,2001
16 Mar 2022,4710,4317,3532,2747,1962
18 Mar 2022,4692,4301,3519,2737,1955
22 Mar 2022,4700,4309,3525,2742,1959
24 Mar 2022,4808,4407,3606,2805,2003
28 Mar 2022,4704,4312,3528,2744,1960
30 Mar 2022,4715,4322,3536,2750,1965
4 Apr 2022,4687,4296,3515,2734,1953
6 Apr 2022,4698,4307,3524,2741,1958
8 Apr 2022,4754,4357,3565,2773,1981
12 Apr 2022,4813,4412,3610,2808,2006
14 Apr 2022,4841,4438,3631,2824,2017
18 Apr 2022,4849,4445,3637,2829,2021
20 Apr 2022,4799,4399,3599,2799,2000
22 Apr 2022,4749,4354,3562,2771,1979
26 Apr 2022,4707,4315,3531,2746,1961
28 Apr 2022,4668,4279,3501,2723,1945
3 May 2022,4594,4211,3445,2680,1914
5 May 2022,4614,4229,3460,2691,1922
9 May 2022,4613,4229,3460,2691,1922
11 May 2022,4615,4230,3461,2692,1923
13 May 2022,4512,4136,3384,2632,1880
17 May 2022,4514,4138,3386,2633,1881
19 May 2022,4586,4204,3439,2675,1911
23 May 2022,4619,4234,3464,2694,1925
25 May 2022,4615,4231,3461,2692,1923
27 May 2022,4629,4243,3472,2700,1929
31 May 2022,4584,4202,3438,2674,1910
2 Jun 2022,4651,4264,3488,2713,1938
6 Jun 2022,4607,4223,3455,2687,1920
8 Jun 2022,4633,4246,3474,2702,1930
10 Jun 2022,4703,4311,3527,2744,1960
14 Jun 2022,4532,4155,3399,2644,1888
16 Jun 2022,4656,4268,3492,2716,1940
20 Jun 2022,4608,4224,3456,2688,1920
22 Jun 2022,4620,4235,3465,2695,1925
24 Jun 2022,4598,4215,3449,2682,1916
28 Jun 2022,4627,4241,3470,2699,1928
30 Jun 2022,4589,4206,3441,2677,1912
4 Jul 2022,4590,4207,3442,2677,1912
6 Jul 2022,4419,4051,3314,2578,1841
8 Jul 2022,4444,4074,3333,2592,1852
12 Jul 2022,4411,4043,3308,2573,1838
14 Jul 2022,4391,4025,3293,2562,1830
18 Jul 2022,4398,4032,3299,2566,1833
20 Jul 2022,4364,4000,3273,2546,1818
22 Jul 2022,4436,4067,3327,2588,1848
26 Jul 2022,4409,4041,3306,2572,1837
28 Jul 2022,4492,4117,3369,2620,1872
2 Aug 2022,4449,4078,3336,2595,1854
4 Aug 2022,4558,4178,3418,2659,1899
8 Aug 2022,4579,4197,3434,2671,1908
10 Aug 2022,4556,4177,3417,2658,1899
12 Aug 2022,4613,4228,3460,2691,1922
16 Aug 2022,4519,4142,3389,2636,1883
18 Aug 2022,4512,4136,3384,2632,1880
22 Aug 2022,4459,4088,3345,2601,1858
24 Aug 2022,4493,4119,3370,2621,1872
26 Aug 2022,4468,4096,3351,2606,1862
30 Aug 2022,4418,4049,3313,2577,1841
2 Sep 2022,4390,4024,3292,2561,1829
6 Sep 2022,4370,4006,3277,2549,1821
8 Sep 2022,4376,4011,3282,2553,1823
12 Sep 2022,4400,4034,3300,2567,1833
14 Sep 2022,4333,3972,3249,2527,1805
16 Sep 2022,4292,3934,3219,2504,1788
20 Sep 2022,4269,3913,3202,2490,1779
22 Sep 2022,4356,3993,3267,2541,1815
26 Sep 2022,4256,3902,3192,2483,1773
28 Sep 2022,4345,3983,3259,2534,1810
30 Sep 2022,4358,3995,3269,2542,1816
4 Oct 2022,4520,4143,3390,2637,1883
6 Oct 2022,4535,4157,3401,2645,1890
10 Oct 2022,4421,4053,3316,2579,1842
12 Oct 2022,4421,4053,3316,2579,1842
14 Oct 2022,4357,3994,3268,2542,1816
18 Oct 2022,4370,4006,3278,2549,1821
20 Oct 2022,4335,3974,3252,2529,1806
24 Oct 2022,4390,4024,3292,2561,1829
26 Oct 2022,4385,4020,3289,2558,1827
28 Oct 2022,4351,3989,3263,2538,1813
2 Nov 2022,4360,3997,3270,2543,1817
4 Nov 2022,4437,4067,3328,2588,1849
8 Nov 2022,4483,4110,3363,2615,1868
10 Nov 2022,4541,4163,3406,2649,1892
14 Nov 2022,4610,4226,3457,2689,1921
16 Nov 2022,4645,4258,3483,2709,1935
18 Nov 2022,4598,4215,3449,2682,1916
22 Nov 2022,4572,4191,3429,2667,1905
24 Nov 2022,4611,4227,3458,2690,1921
28 Nov 2022,4569,4188,3427,2665,1904
30 Nov 2022,4624,4238,3468,2697,1927
2 Dec 2022,4704,4312,3528,2744,1960
6 Dec 2022,4691,4300,3518,2736,1955
8 Dec 2022,4734,4339,3550,2761,1972
12 Dec 2022,4733,4338,3550,2761,1972
14 Dec 2022,4793,4393,3594,2796,1997
16 Dec 2022,4747,4351,3560,2769,1978
20 Dec 2022,4833,4430,3625,2819,2014
22 Dec 2022,4778,4380,3583,2787,1991
26 Dec 2022,4818,4417,3614,2811,2008
28 Dec 2022,4808,4407,3606,2805,2003
30 Dec 2022,4848,4444,3636,2828,2020
4 Jan 2021,4563,4183,3422,2662,1901
6 Jan 2021,4525,4148,3394,2640,1885
8 Jan 2021,4363,3999,3272,2545,1818
12 Jan 2021,4368,4004,3276,2548,1820
14 Jan 2021,4341,3979,3256,2532,1809
18 Jan 2021,4323,3963,3242,2522,1801
20 Jan 2021,4383,4018,3288,2557,1826
22 Jan 2021,4356,3993,3267,2541,1815
26 Jan 2021,4341,3979,3256,2532,1809
28 Jan 2021,4324,3964,3243,2522,1802
2 Feb 2021,4306,3947,3229,2512,1794
4 Feb 2021,4213,3862,3160,2458,1756
8 Feb 2021,4292,3935,3219,2504,1788
10 Feb 2021,4312,3953,3234,2515,1797
12 Feb 2021,4259,3904,3194,2484,1774
16 Feb 2021,4194,3845,3146,2447,1748
18 Feb 2021,4140,3795,3105,2415,1725
22 Feb 2021,4218,3866,3163,2460,1757
24 Feb 2021,4197,3847,3148,2448,1749
26 Feb 2021,4105,3763,3079,2394,1710
2 Mar 2021,4092,3751,3069,2387,1705
4 Mar 2021,3984,3652,2988,2324,1660
8 Mar 2021,3972,3641,2979,2317,1655
10 Mar 2021,4036,3700,3027,2355,1682
12 Mar 2021,4036,3700,3027,2354,1682
16 Mar 2021,4037,3700,3028,2355,1682
18 Mar 2021,4055,3717,3041,2366,1690
22 Mar 2021,4048,3711,3036,2361,1687
24 Mar 2021,4051,3714,3039,2363,1688
26 Mar 2021,4036,3699,3027,2354,1682
30 Mar 2021,3980,3648,2985,2322,1658
2 Apr 2021,4083,3742,3062,2382,1701
6 Apr 2021,4119,3776,3089,2403,1716
8 Apr 2021,4205,3854,3153,2453,1752
12 Apr 2021,4176,3828,3132,2436,1740
14 Apr 2021,4189,3840,3142,2444,1745
16 Apr 2021,4261,3906,3195,2485,1775
20 Apr 2021,4310,3951,3232,2514,1796
22 Apr 2021,4305,3946,3229,2511,1794
26 Apr 2021,4282,3925,3212,2498,1784
28 Apr 2021,4262,3907,3197,2486,1776
30 Apr 2021,4214,3863,3160,2458,1756
4 May 2021,4219,3867,3164,2461,1758
6 May 2021,4295,3937,3222,2506,1790
10 May 2021,4338,3977,3254,2531,1808
12 May 2021,4306,3947,3229,2512,1794
14 May 2021,4344,3982,3258,2534,1810
18 May 2021,4397,4031,3298,2565,1832
20 May 2021,4400,4033,3300,2567,1833
24 May 2021,4397,4030,3298,2565,1832
26 May 2021,4430,4061,3322,2584,1846
28 May 2021,4432,4063,3324,2585,1847
2 Jun 2021,4475,4102,3357,2611,1865
4 Jun 2021,4433,4064,3325,2586,1847
8 Jun 2021,4443,4072,3332,2591,1851
10 Jun 2021,4456,4085,3342,2600,1857
14 Jun 2021,4392,4026,3294,2562,1830
16 Jun 2021,4317,3957,3238,2518,1799
18 Jun 2021,4206,3856,3155,2454,1753
22 Jun 2021,4249,3895,3187,2479,1771
24 Jun 2021,4235,3882,3176,2470,1764
28 Jun 2021,4247,3893,3185,2477,1770
30 Jun 2021,4228,3876,3171,2466,1762
2 Jul 2021,4280,3924,3210,2497,1784
6 Jul 2021,4315,3956,3237,2517,1798
8 Jul 2021,4333,3972,3250,2528,1806
12 Jul 2021,4331,3970,3248,2527,1805
14 Jul 2021,4373,4009,3280,2551,1822
16 Jul 2021,4349,3986,3262,2537,1812
20 Jul 2021,4336,3975,3252,2530,1807
22 Jul 2021,4326,3966,3245,2524,1803
26 Jul 2021,4294,3936,3220,2505,1789
28 Jul 2021,4328,3967,3246,2525,1803
30 Jul 2021,4337,3976,3253,2530,1807
3 Aug 2021,4322,3961,3241,2521,1801
5 Aug 2021,4295,3937,3221,2506,1790
9 Aug 2021,4146,3800,3109,2418,1727
11 Aug 2021,4175,3827,3131,2435,1740
13 Aug 2021,4246,3892,3184,2477,1769
17 Aug 2021,4271,3915,3203,2491,1779
19 Aug 2021,4257,3902,3193,2483,1774
23 Aug 2021,4300,3942,3225,2508,1792
25 Aug 2021,4269,3913,3201,2490,1779
27 Aug 2021,4296,3938,3222,2506,1790
31 Aug 2021,4259,3904,3194,2484,1774
2 Sep 2021,4250,3896,3188,2479,1771
6 Sep 2021,4287,3929,3215,2501,1786
8 Sep 2021,4250,3896,3187,2479,1771
10 Sep 2021,4226,3874,3170,2465,1761
14 Sep 2021,4271,3915,3203,2491,1780
16 Sep 2021,4148,3803,3111,2420,1728
20 Sep 2021,4180,3832,3135,2438,1742
22 Sep 2021,4197,3847,3148,2448,1749
24 Sep 2021,4153,3806,3114,2422,1730
28 Sep 2021,4138,3793,3103,2414,1724
30 Sep 2021,4185,3837,3139,2441,1744
4 Oct 2021,4239,3886,3179,2473,1766
6 Oct 2021,4240,3887,3180,2474,1767
8 Oct 2021,4254,3899,3190,2481,1772
12 Oct 2021,4272,3916,3204,2492,1780
14 Oct 2021,4328,3967,3246,2525,1803
18 Oct 2021,4267,3911,3200,2489,1778
20 Oct 2021,4285,3928,3214,2500,1786
22 Oct 2021,4322,3962,3241,2521,1801
26 Oct 2021,4319,3959,3239,2519,1799
28 Oct 2021,4328,3967,3246,2525,1803
2 Nov 2021,4293,3935,3220,2504,1789
4 Nov 2021,4290,3932,3217,2502,1787
8 Nov 2021,4336,3975,3252,2529,1807
10 Nov 2021,4423,4054,3317,2580,1843
12 Nov 2021,4457,4086,3343,2600,1857
16 Nov 2021,4430,4060,3322,2584,1846
18 Nov 2021,4434,4065,3326,2587,1848
22 Nov 2021,4329,3968,3247,2525,1804
24 Nov 2021,4294,3936,3220,2505,1789
26 Nov 2021,4326,3965,3244,2523,1802
30 Nov 2021,4279,3923,3209,2496,1783
2 Dec 2021,4265,3909,3199,2488,1777
6 Dec 2021,4317,3957,3238,2518,1799
8 Dec 2021,4323,3963,3242,2522,1801
10 Dec 2021,4345,3983,3259,2535,1810
14 Dec 2021,4334,3973,3250,2528,1806
16 Dec 2021,4405,4038,3304,2570,1835
20 Dec 2021,4363,4000,3272,2545,1818
22 Dec 2021,4376,4012,3282,2553,1823
24 Dec 2021,4367,4003,3275,2548,1820
28 Dec 2021,4341,3979,3256,2532,1809
30 Dec 2021,4345,3983,3259,2535,1811
2 Jan 2020,3507,3215,2631,2046,1461
6 Jan 2020,3610,3309,2707,2106,1504
8 Jan 2020,3579,3280,2684,2088,1491
10 Jan 2020,3565,3268,2674,2080,1486
14 Jan 2020,3530,3236,2648,2059,1471
16 Jan 2020,3541,3246,2656,2066,1475
20 Jan 2020,3566,3269,2674,2080,1486
22 Jan 2020,3570,3272,2677,2082,1487
24 Jan 2020,3604,3304,2703,2102,1502
28 Jan 2020,3593,3293,2695,2096,1497
30 Jan 2020,3625,3323,2718,2114,1510
4 Feb 2020,3553,3257,2665,2073,1480
6 Feb 2020,3590,3291,2692,2094,1496
10 Feb 2020,3604,3303,2703,2102,1502
12 Feb 2020,3599,3299,2699,2099,1499
14 Feb 2020,3642,3339,2732,2125,1518
18 Feb 2020,3685,3378,2763,2149,1535
20 Feb 2020,3748,3436,2811,2187,1562
24 Feb 2020,3831,3512,2873,2235,1596
26 Feb 2020,3788,3472,2841,2209,1578
28 Feb 2020,3681,3375,2761,2147,1534
3 Mar 2020,3885,3561,2914,2266,1619
5 Mar 2020,3976,3645,2982,2320,1657
9 Mar 2020,3988,3656,2991,2327,1662
11 Mar 2020,3919,3593,2939,2286,1633
13 Mar 2020,3636,3333,2727,2121,1515
17 Mar 2020,3660,3355,2745,2135,1525
19 Mar 2020,3556,3259,2667,2074,1482
23 Mar 2020,3858,3536,2893,2250,1607
25 Mar 2020,3929,3601,2947,2292,1637
27 Mar 2020,3908,3583,2931,2280,1628
31 Mar 2020,3824,3506,2868,2231,1593
2 Apr 2020,3951,3622,2963,2305,1646
6 Apr 2020,4063,3725,3047,2370,1693
8 Apr 2020,4024,3689,3018,2347,1677
10 Apr 2020,4136,3791,3102,2413,1723
14 Apr 2020,4216,3864,3162,2459,1757
16 Apr 2020,4239,3886,3179,2473,1766
20 Apr 2020,4164,3817,3123,2429,1735
22 Apr 2020,4205,3855,3154,2453,1752
24 Apr 2020,4243,3889,3182,2475,1768
28 Apr 2020,4170,3822,3127,2432,1737
30 Apr 2020,4093,3752,3070,2388,1705
4 May 2020,4144,3798,3108,2417,1727
6 May 2020,4142,3797,3106,2416,1726
8 May 2020,4131,3786,3098,2410,1721
12 May 2020,4125,3781,3094,2406,1719
14 May 2020,4206,3856,3155,2454,1753
18 May 2020,4218,3866,3163,2460,1757
20 May 2020,4244,3890,3183,2476,1768
22 May 2020,4240,3887,3180,2473,1767
26 May 2020,4157,3811,3118,2425,1732
28 May 2020,4188,3839,3141,2443,1745
2 Jun 2020,4168,3821,3126,2431,1737
4 Jun 2020,4156,3809,3117,2424,1731
8 Jun 2020,4115,3772,3086,2401,1715
10 Jun 2020,4223,3871,3167,2463,1760
12 Jun 2020,4225,3873,3169,2465,1761
16 Jun 2020,4241,3888,3181,2474,1767
18 Jun 2020,4234,3881,3175,2470,1764
22 Jun 2020,4278,3921,3208,2495,1782
24 Jun 2020,4292,3934,3219,2503,1788
26 Jun 2020,4307,3948,3230,2512,1794
30 Jun 2020,4332,3971,3249,2527,1805
2 Jul 2020,4266,3911,3200,2489,1778
6 Jul 2020,4284,3927,3213,2499,1785
8 Jul 2020,4359,3996,3269,2543,1816
10 Jul 2020,4348,3985,3261,2536,1812
14 Jul 2020,4383,4017,3287,2556,1826
16 Jul 2020,4347,3985,3260,2536,1811
20 Jul 2020,4370,4006,3277,2549,1821
22 Jul 2020,4486,4112,3365,2617,1869
24 Jul 2020,4569,4188,3426,2665,1904
28 Jul 2020,4710,4318,3533,2748,1963
30 Jul 2020,4706,4313,3529,2745,1961
4 Aug 2020,4897,4489,3673,2856,2040
6 Aug 2020,4983,4568,3737,2907,2076
10 Aug 2020,4883,4476,3662,2848,2035
12 Aug 2020,4621,4236,3466,2696,1925
14 Aug 2020,4679,4289,3509,2729,1950
18 Aug 2020,4808,4408,3606,2805,2004
20 Aug 2020,4707,4314,3530,2746,1961
24 Aug 2020,4604,4220,3453,2686,1918
26 Aug 2020,4663,4275,3498,2720,1943
28 Aug 2020,4619,4234,3465,2695,1925
2 Sep 2020,4580,4198,3435,2672,1908
4 Sep 2020,4553,4174,3415,2656,1897
8 Sep 2020,4580,4198,3435,2672,1908
10 Sep 2020,4596,4213,3447,2681,1915
14 Sep 2020,4618,4233,3464,2694,1924
16 Sep 2020,4635,4248,3476,2703,1931
18 Sep 2020,4616,4231,3462,2693,1923
22 Sep 2020,4500,4125,3375,2625,1875
24 Sep 2020,4440,4070,3330,2590,1850
28 Sep 2020,4464,4092,3348,2604,1860
30 Sep 2020,4463,4091,3347,2603,1860
2 Oct 2020,4478,4105,3359,2612,1866
6 Oct 2020,4450,4079,3338,2596,1854
8 Oct 2020,4465,4093,3349,2605,1861
12 Oct 2020,4539,4161,3405,2648,1891
14 Oct 2020,4473,4101,3355,2610,1864
16 Oct 2020,4485,4111,3364,2616,1869
20 Oct 2020,4514,4138,3386,2633,1881
22 Oct 2020,4516,4140,3387,2634,1882
26 Oct 2020,4523,4146,3392,2638,1884
28 Oct 2020,4483,4110,3363,2615,1868
30 Oct 2020,4507,4132,3380,2629,1878
3 Nov 2020,4595,4212,3446,2681,1915
5 Nov 2020,4638,4251,3478,2705,1932
9 Nov 2020,4448,4077,3336,2595,1853
11 Nov 2020,4470,4098,3353,2608,1863
13 Nov 2020,4528,4151,3396,2641,1887
17 Nov 2020,4512,4136,3384,2632,1880
19 Nov 2020,4439,4069,3329,2589,1850
23 Nov 2020,4384,4019,3288,2558,1827
25 Nov 2020,4290,3933,3218,2503,1788
27 Nov 2020,4253,3898,3190,2481,1772
2 Dec 2020,4336,3975,3252,2529,1807
4 Dec 2020,4364,4000,3273,2546,1818
8 Dec 2020,4433,4064,3325,2586,1847
10 Dec 2020,4358,3995,3268,2542,1816
14 Dec 2020,4328,3967,3246,2525,1803
16 Dec 2020,4412,4045,3309,2574,1838
18 Dec 2020,4452,4081,3339,2597,1855
22 Dec 2020,4443,4073,3332,2592,1851
24 Dec 2020,4429,4060,3322,2584,1845
28 Dec 2020,4438,4069,3329,2589,1849
30 Dec 2020,4459,4088,3345,2601,1858
3 Jan 2019,2920,2676,2190,1703,1217
7 Jan 2019,2894,2652,2170,1688,1206
9 Jan 2019,2933,2689,2200,1711,1222
11 Jan 2019,2913,2671,2185,1700,1214
15 Jan 2019,2948,2703,2211,1720,1228
17 Jan 2019,2952,2706,2214,1722,1230
21 Jan 2019,2930,2685,2197,1709,1221
23 Jan 2019,2937,2692,2203,1713,1224
25 Jan 2019,2973,2726,2230,1734,1239
29 Jan 2019,3010,2760,2258,1756,1254
31 Jan 2019,3014,2763,2260,1758,1256
4 Feb 2019,3024,2772,2268,1764,1260
6 Feb 2019,3006,2756,2255,1754,1253
8 Feb 2019,3007,2756,2255,1754,1253
12 Feb 2019,2973,2725,2229,1734,1239
14 Feb 2019,2996,2746,2247,1748,1248
18 Feb 2019,3044,2791,2283,1776,1269
20 Feb 2019,3063,2807,2297,1787,1276
22 Feb 2019,3033,2780,2274,1769,1264
26 Feb 2019,3032,2779,2274,1769,1263
28 Feb 2019,2992,2743,2244,1746,1247
4 Mar 2019,2934,2690,2201,1712,1223
6 Mar 2019,2901,2659,2175,1692,1209
8 Mar 2019,2923,2679,2192,1705,1218
12 Mar 2019,2915,2672,2186,1700,1214
14 Mar 2019,2889,2649,2167,1685,1204
18 Mar 2019,2876,2636,2157,1678,1198
20 Mar 2019,2911,2669,2184,1698,1213
22 Mar 2019,2921,2677,2191,1704,1217
26 Mar 2019,2923,2679,2192,1705,1218
28 Mar 2019,2873,2634,2155,1676,1197
2 Apr 2019,2863,2624,2147,1670,1193
4 Apr 2019,2866,2627,2149,1672,1194
8 Apr 2019,2903,2661,2177,1694,1210
10 Apr 2019,2908,2666,2181,1696,1212
12 Apr 2019,2870,2630,2152,1674,1196
16 Apr 2019,2854,2616,2140,1665,1189
18 Apr 2019,2846,2609,2135,1660,1186
22 Apr 2019,2857,2619,2142,1666,1190
24 Apr 2019,2873,2634,2155,1676,1197
26 Apr 2019,2889,2648,2166,1685,1204
30 Apr 2019,2870,2631,2153,1674,1196
2 May 2019,2837,2601,2128,1655,1182
6 May 2019,2863,2624,2147,1670,1193
8 May 2019,2872,2633,2154,1676,1197
10 May 2019,2891,2650,2168,1686,1204
14 May 2019,2934,2689,2200,1711,1222
16 May 2019,2904,2662,2178,1694,1210
20 May 2019,2869,2630,2152,1673,1195
22 May 2019,2854,2616,2140,1665,1189
24 May 2019,2866,2627,2150,1672,1194
28 May 2019,2866,2628,2150,1672,1194
30 May 2019,2893,2652,2170,1687,1205
4 Jun 2019,2954,2708,2215,1723,1231
6 Jun 2019,2965,2718,2223,1729,1235
10 Jun 2019,2972,2724,2229,1734,1238
12 Jun 2019,2981,2732,2235,1739,1242
14 Jun 2019,3014,2763,2261,1758,1256
18 Jun 2019,3006,2755,2254,1753,1252
20 Jun 2019,3109,2850,2332,1814,1296
24 Jun 2019,3174,2910,2381,1852,1323
26 Jun 2019,3141,2879,2356,1832,1309
28 Jun 2019,3125,2865,2344,1823,1302
2 Jul 2019,3170,2906,2378,1849,1321
4 Jul 2019,3135,2874,2351,1829,1306
8 Jul 2019,3077,2821,2308,1795,1282
10 Jul 2019,3126,2866,2345,1824,1303
12 Jul 2019,3120,2860,2340,1820,1300
16 Jul 2019,3103,2844,2327,1810,1293
18 Jul 2019,3195,2928,2396,1864,1331
22 Jul 2019,3155,2892,2367,1841,1315
24 Jul 2019,3162,2898,2371,1844,1317
26 Jul 2019,3140,2878,2355,1832,1308
30 Jul 2019,3167,2903,2375,1847,1320
2 Aug 2019,3227,2958,2420,1882,1345
6 Aug 2019,3367,3087,2525,1964,1403
8 Aug 2019,3409,3125,2557,1989,1420
12 Aug 2019,3466,3177,2599,2022,1444
14 Aug 2019,3493,3202,2620,2038,1456
16 Aug 2019,3462,3174,2597,2020,1443
20 Aug 2019,3462,3174,2597,2020,1443
22 Aug 2019,3463,3175,2598,2020,1443
26 Aug 2019,3540,3245,2655,2065,1475
28 Aug 2019,3554,3258,2665,2073,1481
30 Aug 2019,3507,3215,2630,2046,1461
3 Sep 2019,3595,3295,2696,2097,1498
5 Sep 2019,3512,3219,2634,2049,1463
9 Sep 2019,3455,3167,2591,2015,1440
11 Sep 2019,3436,3149,2577,2004,1431
13 Sep 2019,3400,3116,2550,1983,1416
17 Sep 2019,3461,3172,2596,2019,1442
19 Sep 2019,3442,3155,2582,2008,1434
23 Sep 2019,3462,3174,2597,2020,1443
25 Sep 2019,3438,3152,2579,2006,1433
27 Sep 2019,3401,3118,2551,1984,1417
2 Oct 2019,3432,3146,2574,2002,1430
4 Oct 2019,3426,3140,2569,1998,1427
8 Oct 2019,3455,3167,2591,2015,1440
10 Oct 2019,3410,3126,2558,1989,1421
14 Oct 2019,3416,3131,2562,1993,1423
16 Oct 2019,3419,3134,2564,1994,1425
18 Oct 2019,3406,3122,2555,1987,1419
22 Oct 2019,3391,3109,2543,1978,1413
24 Oct 2019,3431,3145,2573,2001,1430
28 Oct 2019,3393,3110,2545,1979,1414
30 Oct 2019,3406,3122,2554,1987,1419
4 Nov 2019,3429,3144,2572,2000,1429
6 Nov 2019,3402,3119,2552,1985,1418
8 Nov 2019,3348,3069,2511,1953,1395
12 Nov 2019,3366,3086,2525,1964,1403
14 Nov 2019,3400,3116,2550,1983,1416
18 Nov 2019,3404,3121,2553,1986,1419
20 Nov 2019,3403,3119,2552,1985,1418
22 Nov 2019,3375,3094,2532,1969,1406
26 Nov 2019,3355,3075,2516,1957,1398
28 Nov 2019,3350,3071,2513,1954,1396
3 Dec 2019,3406,3122,2555,1987,1419
5 Dec 2019,3381,3099,2536,1972,1409
9 Dec 2019,3334,3056,2501,1945,1389
11 Dec 2019,3354,3074,2515,1956,1397
13 Dec 2019,3354,3074,2515,1956,1397
17 Dec 2019,3370,3089,2528,1966,1404
19 Dec 2019,3386,3104,2539,1975,1411
23 Dec 2019,3402,3118,2551,1984,1417
25 Dec 2019,3436,3149,2577,2004,1431
27 Dec 2019,3470,3181,2603,2024,1446
31 Dec 2019,3478,3188,2609,2029,1449
2 Jan 2018,2695,2470,2021,1572,1123
4 Jan 2018,2692,2468,2019,1571,1122
8 Jan 2018,2690,2466,2017,1569,1121
10 Jan 2018,2702,2477,2026,1576,1126
12 Jan 2018,2736,2508,2052,1596,1140
16 Jan 2018,2760,2530,2070,1610,1150
18 Jan 2018,2727,2500,2045,1591,1136
22 Jan 2018,2739,2510,2054,1598,1141
24 Jan 2018,2773,2542,2079,1617,1155
26 Jan 2018,2761,2531,2071,1611,1151
30 Jan 2018,2745,2516,2059,1601,1144
2 Feb 2018,2752,2523,2064,1605,1147
6 Feb 2018,2731,2504,2048,1593,1138
8 Feb 2018,2739,2511,2055,1598,1141
12 Feb 2018,2734,2506,2050,1595,1139
14 Feb 2018,2787,2555,2091,1626,1161
16 Feb 2018,2789,2557,2092,1627,1162
20 Feb 2018,2774,2543,2081,1618,1156
22 Feb 2018,2780,2548,2085,1622,1158
26 Feb 2018,2775,2544,2081,1619,1156
28 Feb 2018,2764,2534,2073,1612,1152
2 Mar 2018,2772,2541,2079,1617,1155
6 Mar 2018,2792,2560,2094,1629,1164
8 Mar 2018,2765,2534,2074,1613,1152
12 Mar 2018,2767,2537,2075,1614,1153
14 Mar 2018,2763,2533,2072,1612,1151
16 Mar 2018,2749,2520,2062,1604,1145
20 Mar 2018,2748,2519,2061,1603,1145
22 Mar 2018,2793,2560,2094,1629,1164
26 Mar 2018,2815,2580,2111,1642,1173
28 Mar 2018,2779,2548,2084,1621,1158
30 Mar 2018,2764,2533,2073,1612,1152
3 Apr 2018,2783,2551,2087,1623,1159
5 Apr 2018,2776,2544,2082,1619,1156
9 Apr 2018,2788,2556,2091,1626,1162
11 Apr 2018,2836,2600,2127,1654,1182
13 Apr 2018,2820,2585,2115,1645,1175
17 Apr 2018,2843,2606,2132,1659,1185
19 Apr 2018,2858,2620,2144,1667,1191
23 Apr 2018,2834,2598,2125,1653,1181
25 Apr 2018,2846,2609,2135,1660,1186
27 Apr 2018,2831,2595,2123,1651,1179
2 May 2018,2805,2571,2104,1636,1169
4 May 2018,2825,2590,2119,1648,1177
8 May 2018,2843,2606,2132,1658,1185
10 May 2018,2850,2613,2138,1663,1188
14 May 2018,2859,2621,2144,1668,1191
16 May 2018,2815,2580,2111,1642,1173
18 May 2018,2827,2591,2120,1649,1178
22 May 2018,2831,2595,2123,1651,1179
24 May 2018,2863,2625,2147,1670,1193
28 May 2018,2814,2579,2110,1641,1172
30 May 2018,2824,2589,2118,1648,1177
4 Jun 2018,2785,2553,2089,1625,1160
6 Jun 2018,2788,2556,2091,1626,1162
8 Jun 2018,2819,2584,2114,1644,1175
12 Jun 2018,2811,2577,2108,1640,1171
14 Jun 2018,2842,2605,2131,1658,1184
18 Jun 2018,2805,2571,2104,1636,1169
20 Jun 2018,2778,2547,2084,1621,1158
22 Jun 2018,2770,2539,2077,1616,1154
26 Jun 2018,2766,2536,2075,1614,1153
28 Jun 2018,2762,2532,2072,1611,1151
3 Jul 2018,2766,2535,2074,1613,1152
5 Jul 2018,2785,2552,2088,1624,1160
9 Jul 2018,2778,2547,2084,1621,1158
11 Jul 2018,2746,2517,2060,1602,1144
13 Jul 2018,2734,2506,2051,1595,1139
17 Jul 2018,2697,2473,2023,1574,1124
19 Jul 2018,2712,2486,2034,1582,1130
23 Jul 2018,2714,2488,2035,1583,1131
25 Jul 2018,2730,2503,2048,1593,1138
27 Jul 2018,2698,2473,2024,1574,1124
31 Jul 2018,2696,2472,2022,1573,1124
2 Aug 2018,2664,2442,1998,1554,1110
6 Aug 2018,2674,2451,2006,1560,1114
8 Aug 2018,2671,2448,2003,1558,1113
10 Aug 2018,2691,2467,2018,1570,1121
14 Aug 2018,2686,2462,2014,1567,1119
16 Aug 2018,2672,2450,2004,1559,1113
20 Aug 2018,2672,2449,2004,1559,1113
22 Aug 2018,2682,2458,2011,1564,1117
24 Aug 2018,2706,2480,2029,1578,1127
28 Aug 2018,2717,2491,2038,1585,1132
30 Aug 2018,2742,2513,2056,1599,1142
4 Sep 2018,2744,2515,2058,1601,1143
6 Sep 2018,2779,2547,2084,1621,1158
10 Sep 2018,2789,2556,2092,1627,1162
12 Sep 2018,2790,2557,2092,1627,1162
14 Sep 2018,2767,2536,2075,1614,1153
18 Sep 2018,2810,2576,2107,1639,1171
20 Sep 2018,2784,2552,2088,1624,1160
24 Sep 2018,2803,2569,2102,1635,1168
26 Sep 2018,2786,2554,2089,1625,1161
2 Oct 2018,2842,2605,2132,1658,1184
4 Oct 2018,2839,2602,2129,1656,1183
8 Oct 2018,2828,2593,2121,1650,1178
10 Oct 2018,2851,2613,2138,1663,1188
12 Oct 2018,2886,2645,2164,1683,1202
16 Oct 2018,2893,2652,2170,1688,1206
18 Oct 2018,2898,2656,2173,1690,1207
22 Oct 2018,2896,2655,2172,1690,1207
24 Oct 2018,2908,2666,2181,1696,1212
26 Oct 2018,2900,2659,2175,1692,1209
30 Oct 2018,2895,2654,2172,1689,1206
2 Nov 2018,2891,2650,2168,1686,1204
6 Nov 2018,2885,2645,2164,1683,1202
8 Nov 2018,2867,2628,2150,1673,1195
12 Nov 2018,2819,2584,2114,1644,1175
14 Nov 2018,2818,2584,2114,1644,1174
16 Nov 2018,2819,2584,2114,1644,1174
20 Nov 2018,2806,2572,2104,1637,1169
22 Nov 2018,2796,2563,2097,1631,1165
26 Nov 2018,2784,2552,2088,1624,1160
28 Nov 2018,2772,2541,2079,1617,1155
30 Nov 2018,2740,2512,2055,1598,1142
4 Dec 2018,2814,2579,2110,1641,1172
6 Dec 2018,2808,2574,2106,1638,1170
10 Dec 2018,2901,2659,2176,1692,1209
12 Dec 2018,2878,2638,2159,1679,1199
14 Dec 2018,2866,2627,2149,1672,1194
18 Dec 2018,2832,2596,2124,1652,1180
20 Dec 2018,2844,2607,2133,1659,1185
24 Dec 2018,2861,2623,2146,1669,1192
26 Dec 2018,2863,2624,2147,1670,1193
28 Dec 2018,2879,2640,2160,1680,1200
3 Jan 2017,2540,2329,1905,1482,1058
5 Jan 2017,2572,2358,1929,1500,1072
9 Jan 2017,2590,2374,1942,1511,1079
11 Jan 2017,2616,2398,1962,1526,1090
13 Jan 2017,2624,2405,1968,1531,1093
17 Jan 2017,2653,2432,1990,1548,1106
19 Jan 2017,2635,2416,1977,1537,1098
23 Jan 2017,2664,2442,1998,1554,1110
25 Jan 2017,2625,2406,1968,1531,1094
27 Jan 2017,2608,2391,1956,1521,1087
31 Jan 2017,2631,2411,1973,1535,1096
2 Feb 2017,2628,2409,1971,1533,1095
6 Feb 2017,2665,2443,1999,1555,1110
8 Feb 2017,2670,2448,2003,1558,1113
10 Feb 2017,2650,2429,1987,1546,1104
14 Feb 2017,2638,2418,1979,1539,1099
16 Feb 2017,2675,2452,2006,1560,1115
20 Feb 2017,2664,2442,1998,1554,1110
22 Feb 2017,2662,2440,1996,1553,1109
24 Feb 2017,2696,2472,2022,1573,1124
28 Feb 2017,2673,2450,2005,1559,1114
2 Mar 2017,2655,2434,1992,1549,1106
6 Mar 2017,2628,2409,1971,1533,1095
8 Mar 2017,2594,2378,1946,1513,1081
10 Mar 2017,2575,2360,1931,1502,1073
14 Mar 2017,2539,2327,1904,1481,1058
16 Mar 2017,2580,2365,1935,1505,1075
20 Mar 2017,2594,2378,1945,1513,1081
22 Mar 2017,2620,2402,1965,1529,1092
24 Mar 2017,2618,2400,1963,1527,1091
28 Mar 2017,2618,2400,1964,1527,1091
30 Mar 2017,2592,2376,1944,1512,1080
4 Apr 2017,2628,2409,1971,1533,1095
6 Apr 2017,2600,2383,1950,1517,1083
10 Apr 2017,2608,2391,1956,1521,1087
12 Apr 2017,2671,2449,2004,1558,1113
14 Apr 2017,2662,2441,1997,1553,1109
18 Apr 2017,2678,2455,2009,1562,1116
20 Apr 2017,2665,2443,1999,1555,1111
24 Apr 2017,2646,2426,1985,1544,1103
26 Apr 2017,2610,2393,1958,1523,1088
28 Apr 2017,2619,2401,1965,1528,1091
2 May 2017,2590,2374,1943,1511,1079
4 May 2017,2536,2325,1902,1479,1057
8 May 2017,2543,2331,1907,1483,1059
10 May 2017,2529,2319,1897,1475,1054
12 May 2017,2535,2324,1902,1479,1056
16 May 2017,2559,2346,1919,1493,1066
18 May 2017,2605,2388,1954,1520,1085
22 May 2017,2620,2402,1965,1528,1092
24 May 2017,2620,2401,1965,1528,1091
26 May 2017,2629,2410,1972,1533,1095
30 May 2017,2623,2405,1967,1530,1093
2 Jun 2017,2642,2422,1982,1541,1101
6 Jun 2017,2680,2457,2010,1563,1117
8 Jun 2017,2645,2424,1984,1543,1102
12 Jun 2017,2623,2404,1967,1530,1093
14 Jun 2017,2607,2390,1955,1521,1086
16 Jun 2017,2596,2380,1947,1514,1082
20 Jun 2017,2588,2372,1941,1510,1078
22 Jun 2017,2599,2382,1949,1516,1083
26 Jun 2017,2575,2361,1932,1502,1073
28 Jun 2017,2593,2377,1945,1512,1080
30 Jun 2017,2579,2364,1934,1505,1075
4 Jul 2017,2555,2342,1916,1490,1065
6 Jul 2017,2546,2333,1909,1485,1061
10 Jul 2017,2516,2306,1887,1468,1048
12 Jul 2017,2523,2313,1893,1472,1051
14 Jul 2017,2540,2328,1905,1482,1058
18 Jul 2017,2570,2356,1927,1499,1071
20 Jul 2017,2573,2359,1930,1501,1072
24 Jul 2017,2595,2379,1946,1514,1081
26 Jul 2017,2608,2390,1956,1521,1087
28 Jul 2017,2618,2400,1963,1527,1091
2 Aug 2017,2585,2369,1939,1508,1077
4 Aug 2017,2580,2365,1935,1505,1075
8 Aug 2017,2585,2370,1939,1508,1077
10 Aug 2017,2654,2433,1990,1548,1106
14 Aug 2017,2640,2420,1980,1540,1100
16 Aug 2017,2642,2422,1982,1541,1101
18 Aug 2017,2647,2426,1985,1544,1103
22 Aug 2017,2643,2423,1983,1542,1101
24 Aug 2017,2649,2429,1987,1545,1104
28 Aug 2017,2703,2478,2027,1577,1126
30 Aug 2017,2690,2465,2017,1569,1121
4 Sep 2017,2744,2515,2058,1601,1143
6 Sep 2017,2745,2516,2059,1601,1144
8 Sep 2017,2768,2538,2076,1615,1153
12 Sep 2017,2739,2510,2054,1598,1141
14 Sep 2017,2752,2523,2064,1606,1147
18 Sep 2017,2703,2477,2027,1577,1126
20 Sep 2017,2685,2461,2014,1566,1119
22 Sep 2017,2707,2481,2030,1579,1128
26 Sep 2017,2718,2491,2038,1585,1132
28 Sep 2017,2705,2480,2029,1578,1127
3 Oct 2017,2678,2455,2009,1562,1116
5 Oct 2017,2661,2439,1996,1552,1109
9 Oct 2017,2699,2474,2024,1575,1125
11 Oct 2017,2710,2484,2032,1581,1129
13 Oct 2017,2711,2485,2033,1581,1129
17 Oct 2017,2685,2461,2014,1566,1119
19 Oct 2017,2693,2468,2020,1571,1122
23 Oct 2017,2683,2459,2012,1565,1118
25 Oct 2017,2668,2445,2001,1556,1112
27 Oct 2017,2657,2435,1992,1550,1107
31 Oct 2017,2641,2421,1981,1541,1100
2 Nov 2017,2650,2429,1988,1546,1104
6 Nov 2017,2659,2437,1994,1551,1108
8 Nov 2017,2676,2453,2007,1561,1115
10 Nov 2017,2681,2458,2011,1564,1117
14 Nov 2017,2694,2470,2021,1572,1123
16 Nov 2017,2683,2459,2012,1565,1118
20 Nov 2017,2675,2452,2006,1560,1115
22 Nov 2017,2693,2469,2020,1571,1122
24 Nov 2017,2674,2451,2005,1560,1114
28 Nov 2017,2682,2458,2011,1564,1117
30 Nov 2017,2644,2424,1983,1543,1102
4 Dec 2017,2642,2422,1981,1541,1101
6 Dec 2017,2622,2404,1967,1530,1093
8 Dec 2017,2588,2372,1941,1510,1078
12 Dec 2017,2581,2366,1936,1505,1075
14 Dec 2017,2591,2375,1943,1511,1080
18 Dec 2017,2604,2387,1953,1519,1085
20 Dec 2017,2605,2388,1954,1520,1086
22 Dec 2017,2625,2407,1969,1532,1094
26 Dec 2017,2640,2420,1980,1540,1100
28 Dec 2017,2666,2444,1999,1555,1111
